sv-00001:070-95,070-95
sv-00002:070-95,070-95
sv-00003:070-95,070-95
sv-00004:070-95,070-95
sv-00005:070-95,070-95
sv-00006:070-95,070-95
sv-00007:070-95,070-95
sv-00008:070-95,070-95
sv-00009:070-95,070-95
sv-00010:070-95,070-95
sv-00011:070-95,070-95
sv-00012:070-95,070-95
sv-00013:070-95,070-95
sv-00014:070-95,070-95
sv-00015:070-95,070-95
sv-00015:069-6,069-6
sv-00016:070-95,070-95
sv-00017:070-95,070-95
sv-00018:070-95,070-95
sv-00019:070-95,070-95
sv-00020:070-95,070-95
sv-00021:070-95,070-95
sv-00022:070-95,070-95
sv-00023:070-95,070-95
sv-00024:070-95,070-95
sv-00025:070-95,070-95
sv-00026:070-95,070-95
sv-00027:070-95,070-95
sv-00028:070-95,070-95
sv-00029:070-95,070-95
sv-00029:069-6,069-6
sv-00030:070-95,070-95
sv-00031:070-95,070-95
sv-00032:070-95,070-95
sv-00033:070-95,070-95
sv-00034:070-95,070-95
sv-00035:070-95,070-95
sv-00036:070-95,070-95
sv-00037:070-95,070-95
sv-00038:070-95,070-95
sv-00039:070-95,070-95
sv-00040:070-95,070-95
sv-00041:070-95,070-95
sv-00042:070-95,070-95
sv-00043:070-95,070-95
sv-00044:070-95,070-95
sv-00045:070-95,070-95
sv-00046:070-95,070-95
sv-00047:070-95,070-95
sv-00048:069-6,069-6
sv-00048:070-95,070-95
sv-00049:069-6,069-6
sv-00049:070-95,070-95
sv-00050:070-95,070-95
sv-00050:069-6,069-6
sv-00051:069-6,069-6
sv-00052:069-6,069-6
sv-00053:070-95,070-95
sv-00054:069-6,069-6
sv-00055:069-6,069-6
sv-00055:070-95,070-95
sv-00056:069-6,069-6
sv-00057:069-6,069-6
sv-00058:069-6,069-6
sv-00059:069-6,069-6
sv-00060:070-95,070-95
sv-00060:069-6,069-6
sv-00061:069-6,069-6
sv-00062:069-6,069-6
sv-00063:070-95,070-95
sv-00064:069-6,069-6
sv-00064:070-95,070-95
sv-00065:069-6,069-6
sv-00066:069-6,069-6
sv-00067:070-95,070-95
sv-00068:069-6,069-6
sv-00069:070-95,070-95
sv-00070:070-95,070-95
sv-00071:069-6,069-6
sv-00072:070-95,070-95
sv-00073:069-6,069-6
sv-00074:069-6,069-6
sv-00075:069-6,069-6
sv-00076:069-6,069-6
sv-00077:070-95,070-95
sv-00078:070-95,070-95
sv-00079:070-95,070-95
sv-00080:069-6,069-6
sv-00081:070-95,070-95
sv-00082:070-95,070-95
sv-00083:069-6,069-6
sv-00084:069-6,069-6
sv-00084:070-95,070-95
sv-00085:070-95,070-95
sv-00086:069-6,069-6
sv-00087:070-95,070-95
sv-00088:070-95,070-95
sv-00089:070-95,070-95
sv-00090:070-95,070-95
sv-00091:070-95,070-95
sv-00092:069-6,069-6
sv-00093:070-95,070-95
sv-00094:070-95,070-95
sv-00095:070-95,070-95
sv-00096:070-95,070-95
sv-00097:070-95,070-95
sv-00098:070-95,070-95
sv-00099:070-95,070-95
sv-00100:070-95,070-95
sv-00101:070-95,070-95
sv-00102:070-95,070-95
sv-00103:069-6,069-6
sv-00104:070-95,070-95
sv-00105:070-95,070-95
sv-00106:070-95,070-95
sv-00107:070-95,070-95
sv-00108:069-6,069-6
sv-00109:070-95,070-95
sv-00110:070-95,070-95
sv-00111:070-95,070-95
sv-00112:070-95,070-95
sv-00113:070-95,070-95
sv-00114:070-95,070-95
sv-00115:070-95,070-95
sv-00116:070-95,070-95
sv-00117:070-95,070-95
sv-00118:070-95,070-95
